中药名,别名,英文名,场地分布,采收加工,药材性状,性味归经,功效与作用,使用禁忌
,,,,,,,,
梅花meihua,绿萼梅、绿梅花、白梅花。,Mume Flos。,多为栽培。全国各地均有分布。,初春采集含苞待放的花蕾，及时低温干燥。,类球形，直径3～6毫米，有极短的花梗。苞片数层，鳞片状，长3.5毫米。宽至2毫米，暗棕色，有短毛。萼片5，广卵形，直径约4毫米，灰绿色或棕色，有毛。花瓣5或多数，阔卵圆形，长约4毫米，宽约5.5毫米，黄白色。雄蕊多数，雌蕊1，子房着生于凹陷的花托上，表面密生细毛。体轻。气清香，味微苦、涩。,性平，味微酸。归肝经、胃经、肺经。,开郁和中、化痰、解毒。属理气药。,尚不明确。
乌蔹莓wulianmei,五爪藤、野葡萄藤、五叶莓。,Herba Cayratia Japonicae。,生于山坡、路旁、旷野或园篱旁，攀附于他物上或蔓生。分布于华东、中南、西南各地。,夏、秋季采集全草，洗净泥土，除去杂质，晒干。,草黄色，全株光滑无毛；根粗壮，浅褐色，横切面可见皮部约占1/2，射线明显；茎具纵棱，节间膨大，有与叶对生的卷须。掌状复叶，小叶片5枚，呈鸟爪状排列，多皱缩或破碎，完整者异型后可见中间l枚最大，侧生者各2枚着生于同一小叶柄上，小叶片椭圆状卵形至长卵形，边缘具疏钝齿。伞房花状聚伞花序腋生；花细小，径4～5毫米。气微，味苦、酸。,性寒，味苦、酸。归心经、肝经、胃经。,清热解毒，利湿消肿。属清热药下属分类的清热燥湿药。,尚不明确。
土鳖虫tubiechong,地鳖虫、土元、蟅虫。,Eupolyphaga、Steleophaga。,地鳖生活于地下或沙土间，多见于粮仓底下或油坊阴湿处。全国大部分地区均有分布。冀地鳖多生活于厨房、灶脚及阴湿处。分布于河北、河南、陕西、甘肃、青海及湖南等地。,5～8月采收。捕捉后，置沸水中烫死，晒干或烘干。,地鳖：扁平卵形，长1.3～3厘米，宽1.2～2.4厘米。前端较窄，后端宽，背部紫褐色，具光泽，无翅。前胸背板较发达，盖住头部。腹背板9节，呈覆瓦状排列。腹面红棕色，头较小，有1对丝状触角，常脱落；胸部有3对足。腹部有横环节。气腥，味微咸。冀地鳖：长椭圆形。背部黑棕色，边缘具淡黄褐色斑块及黑色小点。,性寒，味咸，有小毒。归肝经。,破瘀血，续筋骨。属活血化瘀药下属分类的活血疗伤药。,年老体弱及月经经期者慎服，孕妇禁用。
石上柏 shishangbai,大叶菜、梭罗草、龙鳞草、地梭草、金龙草、龙鳞草、地侧柏。,Herba Selaginellae Doederleinii。,生于密林下的酸性土壤上。主产于我国西南南部及东南各地。,秋后采收，洗净，晒干。生用或鲜用。,本品全体长20～30厘米。下部茎匍匐状，略呈压扁状，具棱线，常在节处着生细长的根，根端常为须状。主轴下部叶贴伏而生或有时脱落；上部多分枝，营养叶上面深黄绿色，下面淡灰黄绿色，二形，背腹各二列，主肋明显；侧叶(背叶)卵状矩圆形，顶端钝，两侧不对称，长4～5毫米，宽约2毫米，上缘有微锯齿；下缘全缘；中叶(腹叶)卵状矩圆形，端尖稍不对称，边缘具细齿。本品羽片较薄而柔韧。臭无，味淡。,性凉，味甘、微苦、涩。归肺经、胃经、肝经。,疏风、清肺止咳、解毒止痛、清肿抗癌、利湿。属清热药下属分类的清热解毒药。,尚不明确，谨慎用药。
广东王不留行guangdongwangbuliuxing,薜荔果、馒头果、凉粉果、留行壳。,Receptaculum Fici Pumilae。,常攀附于残墙破壁上、老树树干上或岩石上。分布于长江流域及其以南各地。,秋季采收。摘取近成熟的隐头花序托，纵剖2瓣或4瓣，除去瘦果，晒干。,倒卵状圆锥形或长椭圆形，多已纵切成2瓣或4瓣。纵切2瓣的呈瓢状，4瓣的呈浅槽状。外表面黄绿色或灰黄色，有皱缩纹，内表面红棕色或黄棕色，间有残留的小瘦果。质脆，易折断，断面整齐。气微，味微涩。,性平，味甘、微涩。归胃经、肝经、大肠经。,活血通经、下乳、消肿。属活血化瘀药下分类的活血调经药。,孕妇、血虚无瘀滞者均禁服。
马兰malan,紫菊、马兰菊、路边菊。,Herba Kalimeridis Indicae,生于路边、田野、山坡上。分布于全国各地。,夏，秋季采收，鲜用或晒干。,本品呈细长圆柱形，新的根状茎，多枝、疏生自上年的老根茎上，常弯曲交错，粗1～2毫米。淡黄褐色至土黄色，具横皱缩及细纵皱纹，节不呈明显环状，但从芽或芽痕的存在可见到；根纤细，疏而散生于节的周围，长可达5厘米以上，直径在1毫米以下。质韧，不易折断（但当年生根茎韧易折断），断面略呈纤维状，髓部白色气微，味微涩。,性凉，味辛。归肺经、肝经、胃经、大肠经。,凉血止血，清热利湿，解毒消肿。属止血药下属分类的凉血止血药。,孕妇慎用。
金荞麦jinqiaomai,野荞麦、铁花麦、透骨消、赤地利、赤薛荔、金锁银开、贼骨头。,Fagopyri Dibotryis Rhizoma。,生于荒地、路旁、河边阴湿地。分布于江南、江苏、安徽、浙江等地。,夏、秋季采挖根茎，洗净，晒干。生用。,不规则团块状，常具瘤状分枝，长短不一，直径1～4厘米。表面深灰褐色，有环节及纵皱纹，并密布点状皮孔，有凹陷的圆形根痕及须根残余；瘤状分枝顶端有茎的残基。质坚硬，不易折断，切面淡黄白色至黄棕色，有放射性纹理，中央有髓。气微、味微涩。,性凉，味涩、微辛。归肺经。,清热解毒、排脓祛瘀。属清热药下属分类的清热解毒药。,尚不明确。
伊贝母 yibeimu,生贝、伊贝、新贝。,Fritillariae Pallidiflorae Bulbus。,生于海拔1300~2000米的林下、草地或沙滩石缝中。分布于新疆天山地区。河北、内蒙古有引种栽培。,5~7月采挖，除去泥沙、晒干，再去须根及外皮。,扁球形，高0.5~1.5厘米。表面淡黄白色，稍粗糙，外层鳞叶2瓣，心脏形，肥厚，基部做凹陷一片稍大或近等大抱合。顶端稍尖。质硬而脆，断面白色，富粉性。气微，味微苦。,性微寒，味苦、甘。归肺经、心经。,清热润肺、化痰止咳。属化痰止咳平喘药下属分类的止咳平喘药。,不宜与川乌、制川乌、草乌、制草乌、附子同用。
石蒜 shisuan,一枝箭、水麻、老鸦蒜。,Shorttube Lycoris Bulb。,生于山地阴湿处或路边、林缘。分布于河南、陕西及华东、华南、西南各地。,栽后第2~3年，夏季倒苗后，挖掘鳞茎，小者作种，大者入药。洗净，去黑皮，鲜用或晒干。,干燥鳞茎呈椭圆形或近球形，长4~5厘米，直径2.5~4厘米，顶端残留叶基，长可达3厘米，基部着生多数白色须根。鳞茎表面有2~3层黑棕色的膜质鳞片，内有十多层白色富黏性的肉质鳞叶，着生在短缩的鳞茎盘上，中央部有黄白色的芽。有特殊的蒜味，味辛辣而苦。,性温，味辛、苦。有毒。归经暂无。,消肿、杀虫。属杀虫止痒药。,体虚，无实邪及孕妇禁服，皮肤破损者禁敷。
关黄柏guanhuangbo,黄檗、黄柏。,Phellodendri Amurensis Cortex。,生于杂木林或山间河谷，也有栽培。分布于东北、华北及山东、江苏、浙江等省区。,剥取树皮，除去粗皮，晒干。,呈板片状或浅槽状，长宽不一，厚2～4毫米。外表面黄绿色或淡棕黄色，较平坦，有不规则的纵裂纹，皮孔痕小而少见，偶有灰白色的粗皮残留。内表面黄色或黄棕色。体轻，质较硬，断面纤维性，有的呈裂片状分层，鲜黄色或黄绿色。气微，味极苦，嚼之有黏性。,性寒，味苦。归肾经、膀胱经。,清热燥湿，泻火除蒸，解毒疗疮。属清热药下属分类的清热燥湿药。,脾虚泄泻，胃弱食少者忌服。
白果baiguo,银杏核、公孙树子、鸭脚树子、灵眼、佛指甲。,Ginkgo Semen。,我国华东、华北、华南地区等地均有种植。,秋季采收，除去外种皮，洗净，稍蒸或煮后烘干或晒干。,椭圆形或倒卵形，外壳(中果皮)骨质，光滑，厚约0.5毫米，表面乳白色，两面隆起，两侧边缘各有1纵棱，偶有3纵棱，顶端有一圆形突起，其中央为珠孔，基部渐尖，具小突起或无，内种皮为一层红褐色薄膜，种仁扁球形，淡黄绿色，胚乳肥厚，粉质，中央为1细长条形的胚，白色子叶2枚。气微清香，味微甘、苦。,性平，味甘、苦、涩。有毒。归肺经、肾经。,敛肺定喘、止带浊、缩小便。属收涩药下属分类的固精缩尿止带药。,生食有毒，不可多用，小儿更应注意。
枸骨叶gouguye,功劳叶、鸟不宿叶、八角刺、枸骨刺。,Ilicis CornuμLe Folium。,生于山坡、谷地、溪边杂木林或灌丛中；庭园常有栽培。分布于长江中下游各地。,秋季采收，除去杂质，晒干。,类长方形或矩圆状长方形，偶有长卵形，长3～8厘米，宽1.5～4厘米。先端具3枚较大的硬刺齿，顶端1枚常反曲，基部平截或宽楔形，两侧有时各具刺齿1～3枚，边缘稍反卷；长卵圆形叶常无刺。上表面黄绿色或绿褐色，有光泽，下表面灰黄色或灰绿色。叶脉羽状，叶柄较短。革质，硬而厚。气微，味微苦。,性凉，味苦。归肝经、肾经。,清热养阴、平肝、益肾。属平肝息风药下属分类的平抑肝阳药。,脾胃虚寒及肾阳不足者慎服。
白薇baiwei,春草、芒草、薇草、白龙须、老君须、龙胆白薇。,Cynanchi Atrati Radix Et Rhizoma。,生于山坡或树林边缘。分布于黑龙江、吉林、辽宁等地。,春、秋两季挖采根部，除去残茎、泥土，晒干。,类圆柱形，有结节，长1.5～5厘米，直径0.5～1.2厘米。上面可见茎基，直径在5毫米以上，下面及两侧簇生多数细长的根似马尾状。,性寒，味苦、咸。归胃经、肝经、肾经。,清热、凉血、利尿。属清热药下分类的清热凉血药。,血虚无热、阳气外越、中寒食少便溏者慎服，汗多亡阳者禁服。
海桐皮haitongpi,钉铜皮、刺桐皮、鼓桐皮、刺通、接骨药。,Cortex Erythrinae Seu Kalopanacis,生于山地疏林，也有栽培。分布于广西、广东、云南、浙江、福建、湖南、湖北及贵州等地。,初夏剥取有钉刺的树皮，晒干。,板片状，两边略卷曲。外表面淡棕色，常有宽窄不等的纵凹纹，散布钉刺。钉刺长圆锥形，顶端锐尖，基部长圆形，纵向延长。内表面黄褐色，较平坦，有细密网纹。质硬而韧，断面裂片状，气微香，味稍苦或淡。,性平，味苦、辛。归肝经、脾经。,祛风湿、通经络、止痛。属祛风湿药下分类的祛风湿强筋骨药。,血虚者不宜服。
透骨草 tougucao,珍珠透骨草、吉盖草、枸皮草 。,Herba Speranskiae Tuberculatae。,生于山坡及草地。分布于华北、东北及江苏、安徽、山东、河南、湖北、湖南、四川、陕西、甘肃、宁夏等地。主产于山东、河南、江苏、山西、陕西、甘肃等地,夏、秋两季割取带花果的地上全草，晒干。,茎多分枝，呈圆柱形或微有棱，通常长10～30厘米，直径1～4毫米，茎基部有时连有部分根茎；茎表面浅绿色或灰绿色，近基部淡紫色，被灰白色柔毛，具互生叶或叶痕，质脆，易折断，断面黄白色。根茎长短不一，表面土棕色或黄棕色，略粗糙；质稍坚硬，断面黄白色。叶多卷曲而皱缩或破碎，呈灰绿色，两面均被白色细柔毛，下表面近叶脉处较显著。枝梢有时可见总状花序和果序；花型小；蒴果三角状扁圆形。气微，味淡而后微苦。,性温，味辛。归肾经、肝经。,祛风除湿，舒筋活血，散瘀消肿，解毒止痛。属祛风湿药下分类的祛风湿强筋骨药。,孕妇忌用。
葶苈子tinglizi,丁历、眉毛蒿、婆婆蒿、米米蒿、大逋，大室。,Descurainiae Semen、Lepidii Semen。,生于麦地、田边及路旁、住宅附近。主产于山东、江苏、安徽等地。,夏季果实成熟时采割植株，晒干，搓出种子，除去杂质。,长圆形略扁，长约1毫米，宽约0.5毫米。表面棕色或红棕色，微有光泽，一端钝圆，另一端微凹或较平截。味微辛、苦，略带粘性。,性大寒，味辛、苦。归肺经、膀胱经。,泻肺平喘、行气消肿。属化痰止咳平喘药下属分类的止咳平喘药。,葶苈子遇水发粘，不宜用水淘洗。肺虚咳喘，脾虚肿满，肾虚水肿者慎服，不宜久服。
番泻叶fanxieye,旃那叶、泻叶、泡竹叶、翼泻叶。,Sennae Folium。,原产于东非。在印度及巴基斯坦有大量栽培。我国云南也有小量引种栽培。,春季花开时采收，除去泥沙，晒干。,狭叶番泻：呈长卵形或卵状披针形，长1.5～5厘米，宽0.4～2厘米，叶端急尖，叶基稍不对称，全缘。上表面黄绿色，下表面浅黄绿色，无毛或近无毛，叶脉稍隆起。革质。气微弱而特异，味微苦，稍有黏性。尖叶番泻：呈披针形或长卵形，略卷曲，叶端短尖或微突，叶基不对称，两面均有细短毛茸。,性寒，味甘、苦。归大肠经。,泻热行滞，通便，利水。属泻下药下属分类的润下药。,体虚及孕妇、经期及哺乳期禁服。用量过大，易致腹痛、恶心、呕吐。
大黄dahuang,将军、南大黄、牛舌大黄。,Rhei Radix Et Rhizoma。,生于山地林缘或草坡，野生或栽培。分布于四川、云南、贵州、湖北等地。,秋末茎叶枯萎或次春发芽前采挖，除去细根，刮去外皮，切瓣或段，绳穿成串干燥或直接干燥。,"类圆柱形、圆锥形、卵圆形或不规则块状，长3～17厘米，直径3～10厘米。除净外皮者表面黄棕色至红棕色，有的可见类白色网状纹理,残留的外皮棕褐色，多具绳孔及粗皱纹。质坚实，有的中心稍松软，断面淡红棕色或黄棕色，显颗粒性；根茎髓部宽广.有星点环列或散在；根木部发达，具放射状纹理，形成层明显，无星点。气清香，味苦而微涩，嚼之粘牙，有沙粒感。",性寒，味苦。归脾经、胃经、大肠经、肝经、心包经。,泻热通便、凉血解毒、逐瘀通经。属泻下药下属分类的攻下药。,凡表证未罢，血虚气弱，脾胃虚寒，无实热、积滞、瘀结，以及胎前、产后，都要慎服，生大黄内服可能发生恶心、呕吐、腹痛等副反应，一般停药后即可缓解。
大风子dafengzi,大枫子、麻风子。,Semen Hydnocarpi,生于山地疏林的遮阴处及山地石灰岩林中，原产于亚洲东南部地区。主要分布于泰国、越南、柬埔寨、印度尼西亚、印度等国。广东、海南、云南、广西、台湾、福建等地有少量栽培。,10～12月，果实成熟至果皮裂开时将果实摘下，或捡拾自然跌落的熟果，集中堆放一段时间，使果肉软化，除去果皮，洗去果肉，取种子晒至足干。,不规则卵圆形或多面形，稍有钝棱。表面灰黄色或灰褐色，较小的一端放射出多数明显的凹纹至种子的1/3处。种皮厚而坚硬，内表面光滑，浅黄色至黄棕色；种皮与种仁易分离，种仁外被一层黄棕色或红棕色薄膜，较小的一端显皱缩，其周围有一黄色凹入的环纹；胚乳肥大，白色或浅黄色，油性；子叶2枚，心形。气微，味淡。,味辛，性热，有大毒。归脾经、肝经、肾经。,祛风燥湿、攻毒杀虫。属杀虫止痒药。,本品有毒，一般只作外用，内服宜慎，过量可引起肢体颤动、惊厥、呼吸困难，甚至昏迷等中毒症状，故须严格控制剂量，并注意炮制。阴虚血热、胃肠炎症、目症患者、孕妇均忌服。
人参renshen,神草、吉林参、棒槌、土精、黄参、血参、地精、金井玉阑、孩儿参。,Ginseng Radix Et Rhizoma,人参生于山地的针、阔叶混交林或杂木林下。分布于长白山脉和小兴安岭东南部的山林地带，辽宁、吉林、黑龙江等地有大量栽培。,多于秋季采挖，洗净。园参经晒干或烘干，称生晒参，山参经晒干，称生晒山参。,生晒参：主根呈纺锤形或圆柱形。表面灰黄色，上部或全体有疏浅断续的粗横纹及明显的纵皱，须根上常有不明显的细小疣状突起。根茎(芦头)具不定根(芋)和稀疏的凹窝状茎痕(芦碗)。质较硬，断面淡黄白色。香气特异，味微苦、甘。生晒山参：主根粗短，多具2个支根而呈人字形。表面灰黄色，上部有明显的细密螺旋纹，根茎具细密碗状茎痕，靠近主根的一段根茎较光滑无茎痕，称圆芦。支根上生有稀疏细长的须状根。上有明显疣状突起。,性温，味甘、微苦。归心经、肺经、脾经、肾经。,大补元气、复脉固脱、补脾益肺、生津安神。属补虚药下分类的补气药。,实热证、湿热证及正气不虚者禁服。不宜与茶同服。不宜与藜芦、五灵脂同用。
,,,,,,,,
半夏banxia,三叶半夏、三步跳、麻芋子、水芋、地巴豆。,Pinelliae Rhizoma。,生于山坡草地、荒地、包谷地、田边、河边及疏林下。除内蒙古、新疆、西藏外，全国各地均有分布。,夏、秋季均可采挖，洗净泥土，除去外皮和须根，晒干或烘干。本品生用有毒，用前须炮制。炮制品有：生半夏、清半夏、姜半夏、法半夏等。,类球形，有的稍偏斜，直径0.8～1.5厘米。表面白色或浅黄色，顶端中心有凹陷的茎痕，周围密布棕色凹点状的根痕；下端钝圆，较光滑。质坚实，断面白色，富粉性。气微，味辛辣、麻舌而刺喉。,性温，味辛，有毒。归脾经、胃经、肺经。,燥湿化痰、降逆止呕、消痞散结。属化痰止咳平喘药下属分类的温化寒痰药。,阴虚燥咳、津伤口渴、血证及燥痰者禁服，孕妇慎服。不宜与川乌、制川乌、草乌、制草乌、附子同用，生品内服宜慎。
半夏banxia,三叶半夏、三步跳、麻芋子、水芋、地巴豆。,Pinelliae Rhizoma。,生于山坡草地、荒地、包谷地、田边、河边及疏林下。除内蒙古、新疆、西藏外，全国各地均有分布。,夏、秋季均可采挖，洗净泥土，除去外皮和须根，晒干或烘干。本品生用有毒，用前须炮制。炮制品有：生半夏、清半夏、姜半夏、法半夏等。,类球形，有的稍偏斜，直径0.8～1.5厘米。表面白色或浅黄色，顶端中心有凹陷的茎痕，周围密布棕色凹点状的根痕；下端钝圆，较光滑。质坚实，断面白色，富粉性。气微，味辛辣、麻舌而刺喉。,性温，味辛，有毒。归脾经、胃经、肺经。,燥湿化痰、降逆止呕、消痞散结。属化痰止咳平喘药下属分类的温化寒痰药。,阴虚燥咳、津伤口渴、血证及燥痰者禁服，孕妇慎服。不宜与川乌、制川乌、草乌、制草乌、附子同用，生品内服宜慎。
鱼胆草 yudancao,金盆、青鱼胆草、水灵芝、水黄连。,,生于海拔900～1200米的混交林下、河边、潮湿地。分布于浙江、安徽、湖北、湖南、四川、云南等地。,6～9月采收，晒干或鲜用。,鱼胆草呈黄绿色。根纤细少分枝，根茎略呈圆柱形。茎纤细圆形略呈四棱形，多分枝，尤以基部为多，光滑无毛。单叶对生，近无柄；多皱缩。完整叶片线形或线状披针形，长1～4厘米，宽1～3毫米，先端尖，全缘，略反卷。有时可见残留花序或花。气微，味苦。,性凉，味苦。归肺经、肝经、胆经。,清热泻火，解毒利湿。属清热药下分类的清热泻火药。,尚不明确。
鱼胆草 yudancao,金盆、青鱼胆草、水灵芝、水黄连。,,生于海拔900～1200米的混交林下、河边、潮湿地。分布于浙江、安徽、湖北、湖南、四川、云南等地。,6～9月采收，晒干或鲜用。,鱼胆草呈黄绿色。根纤细少分枝，根茎略呈圆柱形。茎纤细圆形略呈四棱形，多分枝，尤以基部为多，光滑无毛。单叶对生，近无柄；多皱缩。完整叶片线形或线状披针形，长1～4厘米，宽1～3毫米，先端尖，全缘，略反卷。有时可见残留花序或花。气微，味苦。,性凉，味苦。归肺经、肝经、胆经。,清热泻火，解毒利湿。属清热药下分类的清热泻火药。,尚不明确。
路路通,枫实、枫木上球、枫香果、枫果、枫树球、狼眼、九空子、狼目、聂子。,Liquidambaris Fructus,生于平原及丘陵地带。分布于我国华东、华南、西南等地。,冬季果实成熟后采收，除去杂质，干燥。,聚花果，由多数小蒴果集合而成，球形，直径2～3厘米。基部有总果梗。表面灰棕色或棕褐色，有多数尖刺及喙状小钝刺，长0.5~1厘米，常折断，小蒴果顶部开裂，呈蜂窝状小孔。体轻，质硬，不易破开。气微，味淡。,性平，味苦。归肝经、肾经。,祛风活络，利水通经。属祛风湿药下属分类的祛风湿强筋骨药。,阴虚、月经过多及孕妇禁服。
路路通,枫实、枫木上球、枫香果、枫果、枫树球、狼眼、九空子、狼目、聂子。,Liquidambaris Fructus,生于平原及丘陵地带。分布于我国华东、华南、西南等地。,冬季果实成熟后采收，除去杂质，干燥。,聚花果，由多数小蒴果集合而成，球形，直径2～3厘米。基部有总果梗。表面灰棕色或棕褐色，有多数尖刺及喙状小钝刺，长0.5~1厘米，常折断，小蒴果顶部开裂，呈蜂窝状小孔。体轻，质硬，不易破开。气微，味淡。,性平，味苦。归肝经、肾经。,祛风活络，利水通经。属祛风湿药下属分类的祛风湿强筋骨药。,阴虚、月经过多及孕妇禁服。
党参dangshen,条党、单枝党、板桥党、防党参、上党参、狮头参、中灵草、黄参。,Codonopsis Radix。,生长于海拔900～2300米的林边灌木丛中，现有大量栽培。分布于湖北、湖南、四川、贵州等地。,秋季采挖3年生以上的根，洗净，晒干。,圆柱形，末端较细，有的分枝，长10～45厘米， 径0.5～2厘米。表面灰黄色至黄棕色，根头部有多数疣状突起的茎痕和芽，习称“狮子盘头”，根头下部有环状横纹，全体有明显不规则的纵沟及散在横长皮孔；支根断落处有黑褐色胶状物，习称“豆豉尾”。质较软而结实，断面稍有裂隙，皮部黄白色，木部淡黄色。气香特异，味甜。,性平，味甘。归脾经、肺经。,补中益气、健脾益肺。属补虚药下属分类的补气药。,实证、热证禁服；正虚邪实证，不宜单独应用，不宜与黎芦同用。
党参dangshen,条党、单枝党、板桥党、防党参、上党参、狮头参、中灵草、黄参。,Codonopsis Radix。,生长于海拔900～2300米的林边灌木丛中，现有大量栽培。分布于湖北、湖南、四川、贵州等地。,秋季采挖3年生以上的根，洗净，晒干。,圆柱形，末端较细，有的分枝，长10～45厘米， 径0.5～2厘米。表面灰黄色至黄棕色，根头部有多数疣状突起的茎痕和芽，习称“狮子盘头”，根头下部有环状横纹，全体有明显不规则的纵沟及散在横长皮孔；支根断落处有黑褐色胶状物，习称“豆豉尾”。质较软而结实，断面稍有裂隙，皮部黄白色，木部淡黄色。气香特异，味甜。,性平，味甘。归脾经、肺经。,补中益气、健脾益肺。属补虚药下属分类的补气药。,实证、热证禁服；正虚邪实证，不宜单独应用，不宜与黎芦同用。
胆木,山熊胆、熊胆树、细叶黄棵木、黄羊木、药乌檀、黄胆木、黄心木、树黄柏。,,生于半山腰荫蔽潮湿地带的杂木林中。主产于广东、广西、海南、湖南等地。,全年均可采，切片，晒干。,多劈成不规则的片、块，浅黄色或棕黄色，有的残留皮部，外皮灰绿色或者棕绿色，粗糙，具多数点状皮孔，较疏松，易剥离。横切面皮部棕褐色，木部黄色或棕黄色。质坚硬，气微，味苦。,性寒，味苦。归肺经、大肠经。,清热解毒，消肿止痛。属清热药下分类的清热解毒药。,尚不明确。
胆木,山熊胆、熊胆树、细叶黄棵木、黄羊木、药乌檀、黄胆木、黄心木、树黄柏。,,生于半山腰荫蔽潮湿地带的杂木林中。主产于广东、广西、海南、湖南等地。,全年均可采，切片，晒干。,多劈成不规则的片、块，浅黄色或棕黄色，有的残留皮部，外皮灰绿色或者棕绿色，粗糙，具多数点状皮孔，较疏松，易剥离。横切面皮部棕褐色，木部黄色或棕黄色。质坚硬，气微，味苦。,性寒，味苦。归肺经、大肠经。,清热解毒，消肿止痛。属清热药下分类的清热解毒药。,尚不明确。
山姜 shanjiang,和山姜、九姜连、姜叶淫羊藿、九龙盘、姜七、高良姜、鸡爪莲,Rhizoma Alpiniae Japonicae,生于林下阴湿处。主产于我国浙江、福建、江西、湖北、湖南、广东、广西、四川、贵州、台湾等地。,栽种2-3年后春季采挖，除去泥沙及杂质，洗净，晒干。,本品呈圆柱形，有分枝，长5～20厘米，直径0.3～1.2厘米。表面棕色或红棕色，有细密的纵皱纹及灰棕色的细密环节，被有鳞皮状叶鞘，节上有细长须根及圆形的根痕。分枝顶端有茎痕或芽痕。质柔韧，不易折断。断面黄白色或灰白色，纤维性较强，有明显的粉性，圆形内皮层环纹明显，可见细小的孔隙及筋脉点。气香，味辛辣。,性温，味辛。归肺经、胃经。,温中，散寒，祛风，活血。属温里药。,尚不明确。
山姜 shanjiang,和山姜、九姜连、姜叶淫羊藿、九龙盘、姜七、高良姜、鸡爪莲,Rhizoma Alpiniae Japonicae,生于林下阴湿处。主产于我国浙江、福建、江西、湖北、湖南、广东、广西、四川、贵州、台湾等地。,栽种2-3年后春季采挖，除去泥沙及杂质，洗净，晒干。,本品呈圆柱形，有分枝，长5～20厘米，直径0.3～1.2厘米。表面棕色或红棕色，有细密的纵皱纹及灰棕色的细密环节，被有鳞皮状叶鞘，节上有细长须根及圆形的根痕。分枝顶端有茎痕或芽痕。质柔韧，不易折断。断面黄白色或灰白色，纤维性较强，有明显的粉性，圆形内皮层环纹明显，可见细小的孔隙及筋脉点。气香，味辛辣。,性温，味辛。归肺经、胃经。,温中，散寒，祛风，活血。属温里药。,尚不明确。
藤黄 tenghuang,玉黄、月黄。,Gutii(Gambogia),生热带地区。分布于印度、泰国。我国南部及西南部地区亦产。,于雨季，在离地面3公尺的树干上作一螺旋割口，并以一较大竹筒受之，使液汁缓缓流人，然后再注人一小竹筒中，放置月余即成固体状，以火烘之，除去竹筒，收集固体物。,呈圆筒状，中空，长10～20厘米，有时成短段状，直径3～5厘米，有时为不规则的块状物或碎块粒状。外表红黄色或橙黄色，具容器遗留的细纵纹理，常被绿黄色的粉霖质硬，易碎，碎面平滑，具膜样光泽及具角状纹理。气微，味辛辣。,性寒，味酸、涩。归胃经、大肠经。,消肿排脓，散瘀解毒，杀虫止痒。属拔毒生肌药。,本品毒性较大，内服少量，即能致泻。体质虚弱者禁服。如误服过量，则可引起头昏、呕吐、腹痛、泄泻，甚至致死，故多作外用，很少内服。
藤黄 tenghuang,玉黄、月黄。,Gutii(Gambogia),生热带地区。分布于印度、泰国。我国南部及西南部地区亦产。,于雨季，在离地面3公尺的树干上作一螺旋割口，并以一较大竹筒受之，使液汁缓缓流人，然后再注人一小竹筒中，放置月余即成固体状，以火烘之，除去竹筒，收集固体物。,呈圆筒状，中空，长10～20厘米，有时成短段状，直径3～5厘米，有时为不规则的块状物或碎块粒状。外表红黄色或橙黄色，具容器遗留的细纵纹理，常被绿黄色的粉霖质硬，易碎，碎面平滑，具膜样光泽及具角状纹理。气微，味辛辣。,性寒，味酸、涩。归胃经、大肠经。,消肿排脓，散瘀解毒，杀虫止痒。属拔毒生肌药。,本品毒性较大，内服少量，即能致泻。体质虚弱者禁服。如误服过量，则可引起头昏、呕吐、腹痛、泄泻，甚至致死，故多作外用，很少内服。
肉豆蔻roudoukou,肉豆叩、肉果、玉果、顶头肉、迦拘勒。,Myristicae Semen。,热带地区广为栽培。分布于马来西亚、印度尼西亚、巴西等国家。我国云南、海南、广东有栽培。,每年4～6月及11～12月各采收1次。成熟果实剖开果皮，剥下假种皮，击破壳状种皮。直接烘干，或将种仁放入石灰乳中浸1天，然后低温烘干。,卵圆形或椭圆形。表面灰棕色或灰黄色，有时外被白粉(石灰粉末)。全体有浅色纵行沟纹及不规则网状沟纹。种脐位于宽端，呈浅色圆形突起，合点呈暗凹陷。种脊呈纵沟状，连接两端。质坚，断面显棕黄色相杂的大理石花纹，宽端可见干燥皱缩的胚，富油性。气香浓烈，味辛。,性温，味辛。归大肠经、胃经、脾经。,温中行气、涩肠止泻。属收涩药下分类的敛肺涩肠药。,有小毒。凡使，勿令犯铜不能用金属物品存放，不宜用生品。
肉豆蔻roudoukou,肉豆叩、肉果、玉果、顶头肉、迦拘勒。,Myristicae Semen。,热带地区广为栽培。分布于马来西亚、印度尼西亚、巴西等国家。我国云南、海南、广东有栽培。,每年4～6月及11～12月各采收1次。成熟果实剖开果皮，剥下假种皮，击破壳状种皮。直接烘干，或将种仁放入石灰乳中浸1天，然后低温烘干。,卵圆形或椭圆形。表面灰棕色或灰黄色，有时外被白粉(石灰粉末)。全体有浅色纵行沟纹及不规则网状沟纹。种脐位于宽端，呈浅色圆形突起，合点呈暗凹陷。种脊呈纵沟状，连接两端。质坚，断面显棕黄色相杂的大理石花纹，宽端可见干燥皱缩的胚，富油性。气香浓烈，味辛。,性温，味辛。归大肠经、胃经、脾经。,温中行气、涩肠止泻。属收涩药下分类的敛肺涩肠药。,有小毒。凡使，勿令犯铜不能用金属物品存放，不宜用生品。
山萸肉shanyurou,山茱萸、萸肉、药枣。,Corni Fructus。,生于阴湿沟畔、溪旁或向阳山坡灌丛中；有栽培。分布于山西、陕西、山东等地。,秋末冬初果皮变红时采收果实，用文火烘或置沸水中略烫后，及时除去果核，干燥。,果肉呈不规则的片状或囊状，长1～1.5厘米，宽0.5～1.5厘米，厚约1毫米。表面紫红色至紫黑色，皱缩，有光泽。内表面不平滑，有少数纵向脉纹。顶端有的有圆形宿萼痕，基部有果柄痕。质柔润。气微，味酸、涩、微苦。,性微温，味酸、涩。归肝经、肾经。,补益肝肾、涩精固脱。属收涩药下属分类的固精缩尿止带药。,命门火炽，肝阳上亢，及素有湿热，小便不利者禁服。
山萸肉shanyurou,山茱萸、萸肉、药枣。,Corni Fructus。,生于阴湿沟畔、溪旁或向阳山坡灌丛中；有栽培。分布于山西、陕西、山东等地。,秋末冬初果皮变红时采收果实，用文火烘或置沸水中略烫后，及时除去果核，干燥。,果肉呈不规则的片状或囊状，长1～1.5厘米，宽0.5～1.5厘米，厚约1毫米。表面紫红色至紫黑色，皱缩，有光泽。内表面不平滑，有少数纵向脉纹。顶端有的有圆形宿萼痕，基部有果柄痕。质柔润。气微，味酸、涩、微苦。,性微温，味酸、涩。归肝经、肾经。,补益肝肾、涩精固脱。属收涩药下属分类的固精缩尿止带药。,命门火炽，肝阳上亢，及素有湿热，小便不利者禁服。
萝藦 luomo,芄兰、羊角菜、婆婆针线包、奶桨藤、野隔山消。,Herba Acalyphae,生于林边荒地、河边、路旁灌木丛中。分布于东北、华北、华东及陕西、甘肃、河南、湖北、湖南、贵州等地。,7～8月采收全草，鲜用或晒干。块根夏、秋季采挖，洗净，晒干。,常单一或数股绞扭呈束状，长短不一。茎为长圆柱形，老茎略偏，稍扭曲，具分枝。直径达1.5厘米；表面灰白色或浅黄绿色，有纵纹及节；质柔韧或稍脆，折断面皮部强纤维性老茎木质部明显，常呈新月形至半月形，可见众多管孔，髓部中空。叶对生，多皱缩，展平后叶片呈卵状心形至长卵形，长4～10厘米，宽3～8厘米；顶端渐尖，基部心形，全缘或微波状，上面枯黄色或浅黄绿色，背面色较浅或呈粉黄色，具长柄。总状花序被灰白色短柔毛。蓇葖果长卵形或卵状披针形。种子顶端具一簇白色长绢毛。气微，味淡。,性平，味甘、辛。归脾经、肺经、肾经(《吉林省中药材标准第一册（2019年版）》)。,补精益气，通乳，解毒。属补虚药下属分类的补阳药。,老弱气虚者慎服，孕妇禁服。
萝藦 luomo,芄兰、羊角菜、婆婆针线包、奶桨藤、野隔山消。,Herba Acalyphae,生于林边荒地、河边、路旁灌木丛中。分布于东北、华北、华东及陕西、甘肃、河南、湖北、湖南、贵州等地。,7～8月采收全草，鲜用或晒干。块根夏、秋季采挖，洗净，晒干。,常单一或数股绞扭呈束状，长短不一。茎为长圆柱形，老茎略偏，稍扭曲，具分枝。直径达1.5厘米；表面灰白色或浅黄绿色，有纵纹及节；质柔韧或稍脆，折断面皮部强纤维性老茎木质部明显，常呈新月形至半月形，可见众多管孔，髓部中空。叶对生，多皱缩，展平后叶片呈卵状心形至长卵形，长4～10厘米，宽3～8厘米；顶端渐尖，基部心形，全缘或微波状，上面枯黄色或浅黄绿色，背面色较浅或呈粉黄色，具长柄。总状花序被灰白色短柔毛。蓇葖果长卵形或卵状披针形。种子顶端具一簇白色长绢毛。气微，味淡。,性平，味甘、辛。归脾经、肺经、肾经(《吉林省中药材标准第一册（2019年版）》)。,补精益气，通乳，解毒。属补虚药下属分类的补阳药。,老弱气虚者慎服，孕妇禁服。
乌桕子 wujiuzi,乌桕种子、乌茶子、桕子、琼子。,,生于郊野、路边、溪边、低山杂木林中；也有栽培。分布于广东、广西、江苏、山东、安徽、江西等地。,秋末、初冬采摘，鲜用或晒干。,椭圆形或半球形，长5～8毫米，直径4～6毫米，表面具白色或灰白色较厚的蜡层，种脊条形，稍隆起，基部有小种阜。除去蜡层，种皮黑褐色或棕褐色，坚硬，不易压碎。胚乳肥厚，类白色，富含脂肪油。气味均淡。,性凉，味甘。归肾经、肺经,杀虫、利水、通便。属杀虫止痒药。,老弱体虚、孕妇及胃溃疡病患者忌服。有毒，中毒症状为恶心、呕吐、腹痛、腹泻等，严重者尚可出现四肢发麻、口唇发麻、面色苍白，心慌、胸闷等。
乌桕子 wujiuzi,乌桕种子、乌茶子、桕子、琼子。,,生于郊野、路边、溪边、低山杂木林中；也有栽培。分布于广东、广西、江苏、山东、安徽、江西等地。,秋末、初冬采摘，鲜用或晒干。,椭圆形或半球形，长5～8毫米，直径4～6毫米，表面具白色或灰白色较厚的蜡层，种脊条形，稍隆起，基部有小种阜。除去蜡层，种皮黑褐色或棕褐色，坚硬，不易压碎。胚乳肥厚，类白色，富含脂肪油。气味均淡。,性凉，味甘。归肾经、肺经,杀虫、利水、通便。属杀虫止痒药。,老弱体虚、孕妇及胃溃疡病患者忌服。有毒，中毒症状为恶心、呕吐、腹痛、腹泻等，严重者尚可出现四肢发麻、口唇发麻、面色苍白，心慌、胸闷等。
一点红 yidianhong,红背叶、叶下红、羊蹄草、红背中、土公英。,Eiliae Herba,常生于山野、村边、路旁、田洼或旷野草地上。主产于广东、广西、福建、贵州、云南、湖南、江西等地。,夏、秋季采收，去除杂质，洗净，晒干。,本品长10～70厘米。根呈现圆锥状，多弯曲。茎呈圆柱形，黄绿色至棕褐色，直径可达0.5厘米，有分枝。体轻质脆，易折断，断面较平坦，髓部占较大部分，类白色。单叶互生，灰绿色至灰褐色，皱缩。茎下部叶卵形，琴状分裂或具钝齿，长4～10厘米，上部叶较小，无柄，常抱茎。头状花序，总苞圆柱状，基部稍膨大，瘦果圆柱形，长3～5毫米。气微，味淡。,性凉，味苦。归肺经、胃经、大肠经。,清热解毒，消炎，利尿。属清热药下分类的清热解毒药。,过量使用易导致氢氰酸中毒。
一点红 yidianhong,红背叶、叶下红、羊蹄草、红背中、土公英。,Eiliae Herba,常生于山野、村边、路旁、田洼或旷野草地上。主产于广东、广西、福建、贵州、云南、湖南、江西等地。,夏、秋季采收，去除杂质，洗净，晒干。,本品长10～70厘米。根呈现圆锥状，多弯曲。茎呈圆柱形，黄绿色至棕褐色，直径可达0.5厘米，有分枝。体轻质脆，易折断，断面较平坦，髓部占较大部分，类白色。单叶互生，灰绿色至灰褐色，皱缩。茎下部叶卵形，琴状分裂或具钝齿，长4～10厘米，上部叶较小，无柄，常抱茎。头状花序，总苞圆柱状，基部稍膨大，瘦果圆柱形，长3～5毫米。气微，味淡。,性凉，味苦。归肺经、胃经、大肠经。,清热解毒，消炎，利尿。属清热药下分类的清热解毒药。,过量使用易导致氢氰酸中毒。
醉鱼草 zuiyucao,鱼尾草、醉鱼儿草、樚木、闹鱼花、痒见消、四方麻、阳包树、鱼鳞子、药杆子、驴尾草、羊尾巴、防痛树、鸡公尾、毒鱼藤、鲤鱼花草、药鳗老醋、野巴豆、老阳花、萝卜树子、药鱼子、土蒙花、花玉成、四棱麻、羊饱药、羊白婆、金鸡尾、洞庭草、白皮消、铁帚尾、红鱼波、红鱼皂、铁线尾、四季青、白袍花、糖茶、水泡木、雉尾花、楼梅草、鱼泡草、鱼藤草、洋波、鱼背子花、一串花、狗头鹰、红鱼鲄、鱼白子花、野刚子、鱼尾子、鱼花草、毒鱼草。,,生于山坡、溪边的灌丛中，亦有栽培以供观赏。分布于长江以南大部分地区。,全年可采全株或叶，晒干。,小枝呈四棱柱形，表面茶褐色。幼枝具密被黄色星状毛及鳞片。叶对生，椭圆形或卵状披针形，表面浅黄棕色，先端尖，基部楔形或钝圆，全缘或有疏锯齿，质脆易碎。花序穗状，长7～20厘米，花冠4裂，呈暗棕色。气微，味微苦。,性温，味苦、辛。有小毒。,止咳定喘，活血祛瘀，驱虫。属驱虫药。,本种花叶有毒，如服用过量会引起头晕、呕吐、呼吸困难、四肢麻木和震颤。
醉鱼草 zuiyucao,鱼尾草、醉鱼儿草、樚木、闹鱼花、痒见消、四方麻、阳包树、鱼鳞子、药杆子、驴尾草、羊尾巴、防痛树、鸡公尾、毒鱼藤、鲤鱼花草、药鳗老醋、野巴豆、老阳花、萝卜树子、药鱼子、土蒙花、花玉成、四棱麻、羊饱药、羊白婆、金鸡尾、洞庭草、白皮消、铁帚尾、红鱼波、红鱼皂、铁线尾、四季青、白袍花、糖茶、水泡木、雉尾花、楼梅草、鱼泡草、鱼藤草、洋波、鱼背子花、一串花、狗头鹰、红鱼鲄、鱼白子花、野刚子、鱼尾子、鱼花草、毒鱼草。,,生于山坡、溪边的灌丛中，亦有栽培以供观赏。分布于长江以南大部分地区。,全年可采全株或叶，晒干。,小枝呈四棱柱形，表面茶褐色。幼枝具密被黄色星状毛及鳞片。叶对生，椭圆形或卵状披针形，表面浅黄棕色，先端尖，基部楔形或钝圆，全缘或有疏锯齿，质脆易碎。花序穗状，长7～20厘米，花冠4裂，呈暗棕色。气微，味微苦。,性温，味苦、辛。有小毒。,止咳定喘，活血祛瘀，驱虫。属驱虫药。,本种花叶有毒，如服用过量会引起头晕、呕吐、呼吸困难、四肢麻木和震颤。
铁苋 tiexian,铁苋菜、六合草、血见愁、喷水草、人苋、海蚌含珠、撮斗撮金珠、半边珠、野黄麻、小耳朵草、痢疾草、猫眼草、茶丝黄、沙罐草、灯盏窝、田螺草、血布袋、七盏灯。,Herba Acalyphae,生于旷野、丘陵、路边较湿润的地方。分布于长江、黄河中下游各地及东北、华北、华南、西南各地及台湾。,5～7月间采收，除去泥土，晒干或鲜用。,本品长20～40厘米，全体被灰白色细柔毛，粗茎近无毛。根多分枝，淡黄棕色，茎类圆柱形，有分枝，表面黄棕色或黄绿色，有纵条纹；质硬，易折断，断面黄白色，有髓或中空。叶片多皱缩，破碎，完整者展平后呈卵形卵状菱形，长2.5～5.5厘米，宽1.2～3厘米，黄绿色，边缘有钝齿，两面略粗糙。花序腋生，苞片三角状肾形，合时如蚌。蒴果小，三角状扁圆形，气微，味淡。,性凉，味苦、涩。归心经、肺经、大肠经、小肠经。,清热利湿，凉血解毒，消积。属止血药下属分类的凉血止血药。,老弱气虚者慎服，孕妇禁服。
铁苋 tiexian,铁苋菜、六合草、血见愁、喷水草、人苋、海蚌含珠、撮斗撮金珠、半边珠、野黄麻、小耳朵草、痢疾草、猫眼草、茶丝黄、沙罐草、灯盏窝、田螺草、血布袋、七盏灯。,Herba Acalyphae,生于旷野、丘陵、路边较湿润的地方。分布于长江、黄河中下游各地及东北、华北、华南、西南各地及台湾。,5～7月间采收，除去泥土，晒干或鲜用。,本品长20～40厘米，全体被灰白色细柔毛，粗茎近无毛。根多分枝，淡黄棕色，茎类圆柱形，有分枝，表面黄棕色或黄绿色，有纵条纹；质硬，易折断，断面黄白色，有髓或中空。叶片多皱缩，破碎，完整者展平后呈卵形卵状菱形，长2.5～5.5厘米，宽1.2～3厘米，黄绿色，边缘有钝齿，两面略粗糙。花序腋生，苞片三角状肾形，合时如蚌。蒴果小，三角状扁圆形，气微，味淡。,性凉，味苦、涩。归心经、肺经、大肠经、小肠经。,清热利湿，凉血解毒，消积。属止血药下属分类的凉血止血药。,老弱气虚者慎服，孕妇禁服。
八角莲bajiaolian,八角连、金魁莲、旱八角、叶下花、一把伞、马眼莲、独叶一枝花、八角盘、六角莲、独脚莲、独角莲、八角金盘、山荷叶。,Rhizoma dysosmatis,生于山谷山坡杂木林中阴湿地方。陕西、安徽、浙江、江西、福建、台湾、湖北、湖南、广西、广东、四川、贵州、西藏等省区。,根茎洗净泥沙，晒干，切断备用。亦可鲜用。,八角莲呈扁长的结节状，长6～15厘米，直径2～4厘米。表面黄棕色至棕褐色，上面有凹陷的茎基痕，陷窝略重叠，连珠状排列，茎基痕边缘有环状皱纹，底部可见筋脉点突起；下面略平坦，残留须根痕。质硬而脆，结节处易折断，断面淡红棕色或黄白色。气微，味苦。,性凉，味苦、辛，有毒。归肺经、肝经。,化痰散结，祛瘀止痛，清热解毒。属拔毒生肌药。,孕妇禁服，体质虚弱者慎服。
八角莲bajiaolian,八角连、金魁莲、旱八角、叶下花、一把伞、马眼莲、独叶一枝花、八角盘、六角莲、独脚莲、独角莲、八角金盘、山荷叶。,Rhizoma dysosmatis,生于山谷山坡杂木林中阴湿地方。陕西、安徽、浙江、江西、福建、台湾、湖北、湖南、广西、广东、四川、贵州、西藏等省区。,根茎洗净泥沙，晒干，切断备用。亦可鲜用。,八角莲呈扁长的结节状，长6～15厘米，直径2～4厘米。表面黄棕色至棕褐色，上面有凹陷的茎基痕，陷窝略重叠，连珠状排列，茎基痕边缘有环状皱纹，底部可见筋脉点突起；下面略平坦，残留须根痕。质硬而脆，结节处易折断，断面淡红棕色或黄白色。气微，味苦。,性凉，味苦、辛，有毒。归肺经、肝经。,化痰散结，祛瘀止痛，清热解毒。属拔毒生肌药。,孕妇禁服，体质虚弱者慎服。
海马haima,龙落子、水马、马头鱼、龙落子鱼、鰕姑、对海马。,,5种海马均生活于近海海藻茂盛的水域中。线纹海马、刺海马和三斑海马分布于东海及南海，大海马分布于南海，小海马在我国各海域均有分布。,全年可捕捉。捕得后，将尾盘卷，晒干。,呈马头、蛇尾、瓦楞身。吻长，两眼深陷，躯干七棱形，尾部四棱形而多弯曲，布满骨质环节，背面有棘突。体轻，骨质，坚硬。气微腥，味微咸。线纹海马：表面黄白色，体上节纹间有许多白色短线纹。刺海马：体背部棘刺明显；大海马体粗长，表面黑褐色。三斑海马：体背的第1、4、7节有黑色圆点。小海马体短小，表面黑褐色。,性温，味甘、咸。归肝经、肾经。,温肾壮阳、散结消肿。属补虚药下属分类的补阳药。,孕妇及阴虚阳亢者禁服。
海马haima,龙落子、水马、马头鱼、龙落子鱼、鰕姑、对海马。,,5种海马均生活于近海海藻茂盛的水域中。线纹海马、刺海马和三斑海马分布于东海及南海，大海马分布于南海，小海马在我国各海域均有分布。,全年可捕捉。捕得后，将尾盘卷，晒干。,呈马头、蛇尾、瓦楞身。吻长，两眼深陷，躯干七棱形，尾部四棱形而多弯曲，布满骨质环节，背面有棘突。体轻，骨质，坚硬。气微腥，味微咸。线纹海马：表面黄白色，体上节纹间有许多白色短线纹。刺海马：体背部棘刺明显；大海马体粗长，表面黑褐色。三斑海马：体背的第1、4、7节有黑色圆点。小海马体短小，表面黑褐色。,性温，味甘、咸。归肝经、肾经。,温肾壮阳、散结消肿。属补虚药下属分类的补阳药。,孕妇及阴虚阳亢者禁服。
九节菖蒲 jiujiechangpu,小菖蒲、外菖蒲、节菖蒲、鸡爪莲。,Rhizoma Anemones Altaicae,生于海拔1200～1800米的山地沟谷边或灌木丛中。分布于山西南部、河南西部、湖北西北部、陕西南部。,夏季采挖，除去泥沙，干燥，再除去须根及杂质。,九节菖蒲略呈纺锤形，微弯曲，长1～4厘米，直径0.3～0.5厘米。表面棕黄色至暗棕色，具多数半环状突起的节(鳞叶痕)，斜向交错排列，节上有1～3个突起的根痕。质硬而脆，易折断，断面平坦，白色，有粉性，可见淡黄色小点(维管束)6～9个，排列成环。气微，味微酸。,性温，味辛。归心经、肝经、胃经。,开窍化痰，醒脾安神。属开窍药。,阴虚阳亢、烦躁汗多、精滑者慎服。
九节菖蒲 jiujiechangpu,小菖蒲、外菖蒲、节菖蒲、鸡爪莲。,Rhizoma Anemones Altaicae,生于海拔1200～1800米的山地沟谷边或灌木丛中。分布于山西南部、河南西部、湖北西北部、陕西南部。,夏季采挖，除去泥沙，干燥，再除去须根及杂质。,九节菖蒲略呈纺锤形，微弯曲，长1～4厘米，直径0.3～0.5厘米。表面棕黄色至暗棕色，具多数半环状突起的节(鳞叶痕)，斜向交错排列，节上有1～3个突起的根痕。质硬而脆，易折断，断面平坦，白色，有粉性，可见淡黄色小点(维管束)6～9个，排列成环。气微，味微酸。,性温，味辛。归心经、肝经、胃经。,开窍化痰，醒脾安神。属开窍药。,阴虚阳亢、烦躁汗多、精滑者慎服。
黄芪huangqi,黄耆、木耆、绵黄芪、王孙、箭芪、戴糁、戴椹、独椹、芰草、蜀脂、百本、百药绵、独根。,Astmgali Radix。,蒙古黄芪生于向阳草地及山坡；膜荚黄芪生于林缘、灌丛、林间草地及疏林下。分布于黑龙江、吉林、辽宁、河北、内蒙古等地。,野生黄芪春秋两季均可采挖，除净泥土及须根，切去根头，晒至七八成干，按粗细、长短不同分级。栽培黄芪应3年以后采收。,蒙古黄芪：表面灰黄色，栓皮不易脱落。质硬而韧，断面纤维性并显粉性。皮部黄白色，木部淡黄色。气微，味微甜，有豆腥味。膜荚黄芪：表面灰黄色、黄棕色，质硬，较难折断。,性微温，味甘。归脾经、肺经。,补气升阳，固表止汗，利水消肿，生津养血，行滞通痹，托毒排脓，敛疮生肌。属补虚药下属分类的补气药。,表实邪盛、湿阻气滞、肠胃积滞、阴虚阳亢、痈疽初起或溃后热毒尚盛者，均禁服。
黄芪huangqi,黄耆、木耆、绵黄芪、王孙、箭芪、戴糁、戴椹、独椹、芰草、蜀脂、百本、百药绵、独根。,Astmgali Radix。,蒙古黄芪生于向阳草地及山坡；膜荚黄芪生于林缘、灌丛、林间草地及疏林下。分布于黑龙江、吉林、辽宁、河北、内蒙古等地。,野生黄芪春秋两季均可采挖，除净泥土及须根，切去根头，晒至七八成干，按粗细、长短不同分级。栽培黄芪应3年以后采收。,蒙古黄芪：表面灰黄色，栓皮不易脱落。质硬而韧，断面纤维性并显粉性。皮部黄白色，木部淡黄色。气微，味微甜，有豆腥味。膜荚黄芪：表面灰黄色、黄棕色，质硬，较难折断。,性微温，味甘。归脾经、肺经。,补气升阳，固表止汗，利水消肿，生津养血，行滞通痹，托毒排脓，敛疮生肌。属补虚药下属分类的补气药。,表实邪盛、湿阻气滞、肠胃积滞、阴虚阳亢、痈疽初起或溃后热毒尚盛者，均禁服。
防风草 fangfengcao,广防风、土防风、抹草、秽草、落马衣、假紫苏、马衣叶、豨莶草、四方茎、臭草、臭苏头、鸭儿蔑、大篾草、大羊古骚。,Epimeredi Indian Herb,野生于路旁、荒地、村边草丛中。分布于广东、广西、云南、贵州等地。,夏、秋季采收。割取地上部分，晒干。,全草长60～180厘米，全体被白色短粗毛。茎四棱形，具明显纵沟，有分枝，表面灰绿色或棕灰色，质稍脆，断面纤维性，中央有近方形的白色髓。叶对生，皱缩卷曲，完整叶片展平后呈阔卵形或卵形；叶上表面灰棕色，叶下表面灰绿色，边缘具疏锯齿，质脆，易碎；有时可见叶腋残留钟形灰绿色花萼。气香浊，味微辛苦。,性温，味辛、苦。归膀胱经、肝经、肾经。,祛风、除湿、解毒、止痛。属解表药下属分类的辛温解表药。,尚不明确。
防风草 fangfengcao,广防风、土防风、抹草、秽草、落马衣、假紫苏、马衣叶、豨莶草、四方茎、臭草、臭苏头、鸭儿蔑、大篾草、大羊古骚。,Epimeredi Indian Herb,野生于路旁、荒地、村边草丛中。分布于广东、广西、云南、贵州等地。,夏、秋季采收。割取地上部分，晒干。,全草长60～180厘米，全体被白色短粗毛。茎四棱形，具明显纵沟，有分枝，表面灰绿色或棕灰色，质稍脆，断面纤维性，中央有近方形的白色髓。叶对生，皱缩卷曲，完整叶片展平后呈阔卵形或卵形；叶上表面灰棕色，叶下表面灰绿色，边缘具疏锯齿，质脆，易碎；有时可见叶腋残留钟形灰绿色花萼。气香浊，味微辛苦。,性温，味辛、苦。归膀胱经、肝经、肾经。,祛风、除湿、解毒、止痛。属解表药下属分类的辛温解表药。,尚不明确。
豆蔻doukou,白豆蔻、白蔻、圆豆蔻、白蔻仁、多骨、壳蔻、扣米。,Amomi Fructus Rotundus,生于沟谷或林下阴湿处。我国多栽培于疏林或阴棚下。原产于印度尼西亚。现我国海南有栽培。,多于7～8月果实即将黄熟但未开裂时采集果穗，去净残留的花被和果柄后晒干；或再用硫黄熏制漂白，使果皮呈黄白色。,类球形。表面黄白色至淡黄棕色，有较深的纵向槽纹，顶端有突起的花柱基，基部有凹下的果柄痕，两端均具有浅棕色茸毛。果皮体轻，质脆，易纵向裂开。种子呈不规则多面体，背面略隆起，表面暗棕色，有皱纹，并被有残留的假种皮。气芳香，味辛凉略似樟脑。印尼白蔻个略小，表面黄白色，有的微显紫棕色，果皮较薄，种子瘦瘪，气味较弱。,性温，味辛。归脾经、胃经。,化湿消痞、行气温中、开胃消食。属化湿药。,阴虚血燥者禁服。
豆蔻doukou,白豆蔻、白蔻、圆豆蔻、白蔻仁、多骨、壳蔻、扣米。,Amomi Fructus Rotundus,生于沟谷或林下阴湿处。我国多栽培于疏林或阴棚下。原产于印度尼西亚。现我国海南有栽培。,多于7～8月果实即将黄熟但未开裂时采集果穗，去净残留的花被和果柄后晒干；或再用硫黄熏制漂白，使果皮呈黄白色。,类球形。表面黄白色至淡黄棕色，有较深的纵向槽纹，顶端有突起的花柱基，基部有凹下的果柄痕，两端均具有浅棕色茸毛。果皮体轻，质脆，易纵向裂开。种子呈不规则多面体，背面略隆起，表面暗棕色，有皱纹，并被有残留的假种皮。气芳香，味辛凉略似樟脑。印尼白蔻个略小，表面黄白色，有的微显紫棕色，果皮较薄，种子瘦瘪，气味较弱。,性温，味辛。归脾经、胃经。,化湿消痞、行气温中、开胃消食。属化湿药。,阴虚血燥者禁服。
,,,,,,,,
